<?xml version='1.0' encoding='UTF-8' ?>
<timeLogEntries>
  <time id="70" path="/Non Project/PSP Training/Program 6/Design" start="@1619215672164" delta="65" flag="A" />
  <time id="69" path="/Non Project/PSP Training/Program 6/Code" start="@1619385211000" delta="92" flag="A" />
  <time id="68" delta="-60" flag="M" />
  <time id="71" path="/Non Project/PSP Training/Program 6/Design" start="@1619282338000" delta="92" flag="A" />
  <time id="72" path="/Non Project/PSP Training/Program 6/Design" start="@1619291922000" delta="16" flag="A" />
  <time id="73" path="/Non Project/PSP Training/Program 6/Code" start="@1619395953267" delta="25" flag="A" />
  <time id="74" flag="D" />
  <time id="75" path="/Non Project/PSP Training/Program 6/Design" start="@1619313199000" delta="15" flag="A" />
  <time id="76" path="/Non Project/PSP Training/Program 6/Design Review" start="@1619314295000" delta="10" flag="A" />
  <time id="77" path="/Non Project/PSP Training/Program 6/Code Review" start="@1619405490000" delta="16" flag="A" />
  <time id="78" path="/Non Project/PSP Training/Program 6/Test" start="@1619406134216" delta="8" flag="A" />
  <time id="79" path="/Non Project/PSP Training/Program 6/Postmortem" start="@1619406764543" delta="27" flag="A" />
</timeLogEntries>
