<?xml version='1.0' encoding='UTF-8' ?>
<timeLogEntries>
  <time id="17" start="@1615141477000" flag="M" />
  <time id="16" start="@1615218923000" flag="M" />
  <time id="20" start="@1615178516000" flag="M" />
  <time id="18" start="@1615229816000" flag="M" />
  <time id="19" start="@1615324457000" flag="M" />
  <time id="21" path="/Non Project/PSP Training/Program 2/Code" start="@1615337038000" delta="96" flag="A" />
  <time id="22" path="/Non Project/PSP Training/Program 2/Code" start="@1615409009000" delta="11" interrupt="1" flag="A" />
  <time id="23" path="/Non Project/PSP Training/Program 2/Code" start="@1615498929000" delta="19" flag="A" />
  <time id="24" path="/Non Project/PSP Training/Program 2/Test" start="@1615503721000" delta="46" flag="A" />
  <time id="25" path="/Non Project/PSP Training/Program 2/Test" start="@1615510454000" delta="10" flag="A" />
  <time id="26" path="/Non Project/PSP Training/Program 2/Postmortem" start="@1615582387496" delta="56" flag="A" />
</timeLogEntries>
