<?xml version='1.0' encoding='UTF-8' ?>
<timeLogEntries>
  <time id="1" path="/Non Project/PSP Training/Program 1/Planning" start="@1613957936998" delta="6" />
  <time id="2" path="/Non Project/PSP Training/Program 1/Design" start="@1613958406905" delta="26" />
  <time id="3" path="/Non Project/PSP Training/Program 1/Design" start="@1614018822062" delta="33" />
  <time id="4" path="/Non Project/PSP Training/Program 1/Code" start="@1614020813776" delta="38" />
  <time id="5" path="/Non Project/PSP Training/Program 1/Code" start="@1614024642000" delta="7" />
  <time id="6" path="/Non Project/PSP Training/Program 1/Code" start="@1614025557932" delta="37" />
  <time id="7" path="/Non Project/PSP Training/Program 1/Test" start="@1614028860000" delta="48" />
  <time id="8" path="/Non Project/PSP Training/Program 1/Test" start="@1614119712779" delta="36" />
  <time id="9" path="/Non Project/PSP Training/Program 1/Postmortem" start="@1614142199000" delta="32" />
  <time id="10" path="/Non Project/PSP Training/Program 2/Planning" start="@1614696777083" delta="3" interrupt="3" />
  <time id="11" path="/Non Project/PSP Training/Program 2/Planning" start="@1614969477917" delta="15" />
  <time id="12" path="/Non Project/PSP Training/Program 2/Planning" start="@1614981610617" delta="25" />
  <time id="13" path="/Non Project/PSP Training/Program 2/Design" start="@1615057318085" delta="28" />
  <time id="14" path="/Non Project/PSP Training/Program 2/Design" start="@1615067572462" delta="42" />
  <time id="15" path="/Non Project/PSP Training/Program 2/Design" start="@1615124619000" delta="33" />
  <time id="17" path="/Non Project/PSP Training/Program 2/Design" start="@1615227877792" delta="14" />
  <time id="16" path="/Non Project/PSP Training/Program 2/Code" start="@1615132523000" delta="63" />
  <time id="18" path="/Non Project/PSP Training/Program 2/Code" start="@1615258616211" delta="84" />
  <time id="19" path="/Non Project/PSP Training/Program 2/Code" start="@1615270457752" delta="55" />
  <time id="20" path="/Non Project/PSP Training/Program 2/Design" start="@1615437716349" delta="18" />
</timeLogEntries>
