<?xml version='1.0' encoding='UTF-8' ?>
<timeLogEntries>
  <time id="1" path="/Non Project/PSP Training/Program 1/Planning" start="@1613957936998" delta="6" />
  <time id="2" path="/Non Project/PSP Training/Program 1/Design" start="@1613958406905" delta="26" />
  <time id="3" path="/Non Project/PSP Training/Program 1/Design" start="@1614018822062" delta="33" />
  <time id="4" path="/Non Project/PSP Training/Program 1/Code" start="@1614020813776" delta="38" />
  <time id="5" path="/Non Project/PSP Training/Program 1/Code" start="@1614024642000" delta="7" />
  <time id="6" path="/Non Project/PSP Training/Program 1/Code" start="@1614025557932" delta="37" />
  <time id="7" path="/Non Project/PSP Training/Program 1/Test" start="@1614028860000" delta="48" />
  <time id="8" path="/Non Project/PSP Training/Program 1/Test" start="@1614119712779" delta="36" />
  <time id="9" path="/Non Project/PSP Training/Program 1/Postmortem" start="@1614142199000" delta="32" />
</timeLogEntries>
