<?xml version='1.0' encoding='UTF-8' ?>
<timeLogEntries>
  <time id="80" path="/Non Project/PSP Training/Program 7/Planning" start="@1620696686000" delta="3" flag="A" />
  <time id="81" path="/Non Project/PSP Training/Program 7/Design" start="@1620699372000" delta="98" interrupt="17" flag="A" />
  <time id="82" path="/Non Project/PSP Training/Program 7/Design" start="@1620710640000" delta="12" flag="A" />
  <time id="83" path="/Non Project/PSP Training/Program 7/Design Review" start="@1620711864000" delta="4" flag="A" />
  <time id="84" path="/Non Project/PSP Training/Program 7/Code" start="@1620712179000" delta="64" flag="A" />
  <time id="85" path="/Non Project/PSP Training/Program 7/Code Review" start="@1620716313000" delta="8" flag="A" />
  <time id="86" path="/Non Project/PSP Training/Program 7/Test" start="@1620716646000" delta="6" flag="A" />
  <time id="87" path="/Non Project/PSP Training/Program 7/Postmortem" start="@1620717037953" delta="15" flag="A" />
</timeLogEntries>
