<?xml version='1.0' encoding='UTF-8' ?>
<timeLogEntries>
  <time id="1" path="/Non Project/PSP Training/Program 1/Planning" start="@1613957936998" delta="6" />
  <time id="2" path="/Non Project/PSP Training/Program 1/Design" start="@1613958406905" delta="26" />
  <time id="3" path="/Non Project/PSP Training/Program 1/Design" start="@1614018822062" delta="33" />
  <time id="4" path="/Non Project/PSP Training/Program 1/Code" start="@1614020813776" delta="38" />
  <time id="5" path="/Non Project/PSP Training/Program 1/Code" start="@1614024642000" delta="7" />
  <time id="6" path="/Non Project/PSP Training/Program 1/Code" start="@1614025557932" delta="37" />
  <time id="7" path="/Non Project/PSP Training/Program 1/Test" start="@1614028860000" delta="48" />
  <time id="8" path="/Non Project/PSP Training/Program 1/Test" start="@1614119712779" delta="36" />
  <time id="9" path="/Non Project/PSP Training/Program 1/Postmortem" start="@1614142199000" delta="32" />
  <time id="10" path="/Non Project/PSP Training/Program 2/Planning" start="@1614696777083" delta="3" interrupt="3" />
  <time id="11" path="/Non Project/PSP Training/Program 2/Planning" start="@1614969477917" delta="15" />
  <time id="12" path="/Non Project/PSP Training/Program 2/Planning" start="@1614981610617" delta="25" />
  <time id="13" path="/Non Project/PSP Training/Program 2/Design" start="@1615057318085" delta="28" />
  <time id="14" path="/Non Project/PSP Training/Program 2/Design" start="@1615067572462" delta="42" />
  <time id="15" path="/Non Project/PSP Training/Program 2/Design" start="@1615124619000" delta="33" />
  <time id="17" path="/Non Project/PSP Training/Program 2/Design" start="@1615141477000" delta="14" />
  <time id="16" path="/Non Project/PSP Training/Program 2/Code" start="@1615218923000" delta="63" />
  <time id="18" path="/Non Project/PSP Training/Program 2/Code" start="@1615229816000" delta="84" />
  <time id="19" path="/Non Project/PSP Training/Program 2/Code" start="@1615324457000" delta="55" />
  <time id="20" path="/Non Project/PSP Training/Program 2/Design" start="@1615178516000" delta="18" />
  <time id="21" path="/Non Project/PSP Training/Program 2/Code" start="@1615337038000" delta="96" />
  <time id="22" path="/Non Project/PSP Training/Program 2/Code" start="@1615409009000" delta="11" interrupt="1" />
  <time id="23" path="/Non Project/PSP Training/Program 2/Code" start="@1615498929000" delta="19" />
  <time id="24" path="/Non Project/PSP Training/Program 2/Test" start="@1615503721000" delta="46" />
  <time id="25" path="/Non Project/PSP Training/Program 2/Test" start="@1615510454000" delta="10" />
  <time id="26" path="/Non Project/PSP Training/Program 2/Postmortem" start="@1615582387496" delta="56" />
  <time id="27" path="/Non Project/PSP Training/Program 3/Planning" start="@1616186308062" delta="29" />
  <time id="28" path="/Non Project/PSP Training/Program 3/Design" start="@1616194115178" delta="29" />
  <time id="29" path="/Non Project/PSP Training/Program 3/Design" start="@1616201787734" delta="37" />
  <time id="30" path="/Non Project/PSP Training/Program 3/Design Review" start="@1616250455000" delta="39" />
  <time id="32" path="/Non Project/PSP Training/Program 3/Code" start="@1616278176000" delta="178" />
  <time id="34" path="/Non Project/PSP Training/Program 3/Code Review" start="@1616298317309" delta="38" />
  <time id="35" path="/Non Project/PSP Training/Program 3/Test" start="@1616302485218" delta="9" />
  <time id="36" path="/Non Project/PSP Training/Program 3/Postmortem" start="@1616303293404" delta="27" />
  <time id="37" path="/Non Project/PSP Training/Program 4/Planning" start="@1616609304000" delta="15" />
  <time id="38" path="/Non Project/PSP Training/Program 4/Code" start="@1616820690000" delta="39" />
  <time id="39" path="/Non Project/PSP Training/Program 4/Planning" start="@1616610988000" delta="5" />
  <time id="40" path="/Non Project/PSP Training/Program 4/Design" start="@1616701352000" delta="36" />
  <time id="41" path="/Non Project/PSP Training/Program 4/Design" start="@1616684217000" delta="29" interrupt="3" />
  <time id="42" path="/Non Project/PSP Training/Program 4/Code" start="@1616886351000" delta="125" />
  <time id="44" path="/Non Project/PSP Training/Program 4/Design" start="@1616730582000" delta="109" />
  <time id="45" path="/Non Project/PSP Training/Program 4/Design Review" start="@1616773519000" delta="8" />
  <time id="46" path="/Non Project/PSP Training/Program 4/Code" start="@1616947945000" delta="54" />
  <time id="47" path="/Non Project/PSP Training/Program 4/Code Review" start="@1617043389000" delta="10" />
  <time id="48" path="/Non Project/PSP Training/Program 4/Test" start="@1617044141969" delta="16" />
  <time id="50" path="/Non Project/PSP Training/Program 4/Postmortem" start="@1617051391502" delta="3" interrupt="3" />
  <time id="51" path="/Non Project/PSP Training/Program 4/Postmortem" start="@1617051929986" delta="17" interrupt="3" />
  <time id="52" path="/Non Project/PSP Training/Program 4/Postmortem" start="@1617053268027" delta="11" />
  <time id="53" path="/Non Project/PSP Training/Program 5/Planning" start="@1617746900601" delta="43" />
  <time id="54" path="/Non Project/PSP Training/Program 5/Design" start="@1617814810000" delta="20" />
  <time id="55" path="/Non Project/PSP Training/Program 5/Design" start="@1617822315934" delta="17" />
  <time id="57" path="/Non Project/PSP Training/Program 5/Code" start="@1618001385000" delta="102" />
  <time id="58" path="/Non Project/PSP Training/Program 5/Design" start="@1617891885000" delta="44" />
  <time id="60" path="/Non Project/PSP Training/Program 5/Design Review" start="@1617922972000" delta="19" />
  <time id="61" path="/Non Project/PSP Training/Program 5/Code Review" start="@1618010824000" delta="20" />
  <time id="63" path="/Non Project/PSP Training/Program 5/Test" start="@1618012463834" delta="11" />
  <time id="64" path="/Non Project/PSP Training/Program 5/Postmortem" start="@1618016582269" delta="23" />
  <time id="65" path="/Non Project/PSP Training/Program 6/Planning" start="@1619185343554" delta="18" />
  <time id="66" path="/Non Project/PSP Training/Program 6/Planning" start="@1619194974418" delta="12" />
  <time id="67" path="/Non Project/PSP Training/Program 6/Design" start="@1619196495205" delta="45" />
  <time id="68" path="/Non Project/PSP Training/Program 6/Design" start="@1619203015642" delta="96" />
  <time id="70" path="/Non Project/PSP Training/Program 6/Design" start="@1619215672164" delta="65" />
  <time id="69" path="/Non Project/PSP Training/Program 6/Code" start="@1619385211000" delta="92" />
  <time id="71" path="/Non Project/PSP Training/Program 6/Design" start="@1619282338000" delta="92" />
  <time id="72" path="/Non Project/PSP Training/Program 6/Design" start="@1619291922000" delta="16" />
  <time id="73" path="/Non Project/PSP Training/Program 6/Code" start="@1619395953267" delta="25" />
  <time id="75" path="/Non Project/PSP Training/Program 6/Design" start="@1619313199000" delta="15" />
  <time id="76" path="/Non Project/PSP Training/Program 6/Design Review" start="@1619314295000" delta="10" />
  <time id="77" path="/Non Project/PSP Training/Program 6/Code Review" start="@1619405490000" delta="16" />
  <time id="78" path="/Non Project/PSP Training/Program 6/Test" start="@1619406134216" delta="8" />
  <time id="79" path="/Non Project/PSP Training/Program 6/Postmortem" start="@1619406764543" delta="27" />
</timeLogEntries>
